{
    "logp": {
        "improvement": {
            "mean": -0.001654314897992506,
            "variance": 0.001088671788995187,
            "min": -0.3011843533644243,
            "max": 0.1357528635651737,
            "success_rate": 0.01,
            "best_rate": 0.0
        },
        "scaffold": {
            "hard": 1.0,
            "soft": 1.0
        },
        "invalid_rate": 0.0
    },
    "solubility": {
        "improvement": {
            "mean": 0.17645456800000012,
            "variance": 0.43401462184507045,
            "min": -0.6753014000000013,
            "max": 4.841411000000003,
            "success_rate": 0.22,
            "best_rate": 0.1
        },
        "scaffold": {
            "hard": 0.85,
            "soft": 0.8972899381206819
        },
        "invalid_rate": 0.0
    },
    "qed": {
        "improvement": {
            "mean": 0.009280521456654,
            "variance": 0.003822460414074471,
            "min": -0.2332087676187123,
            "max": 0.4114613062510764,
            "success_rate": 0.09,
            "best_rate": 0.01
        },
        "scaffold": {
            "hard": 0.94,
            "soft": 0.9644542864581007
        },
        "invalid_rate": 0.0
    },
    "drd": {
        "improvement": {
            "mean": -0.007923306808862789,
            "variance": 0.0031338997390421967,
            "min": -0.5238739949678612,
            "max": 0.05133394990460527,
            "success_rate": 0.04,
            "best_rate": 0.0
        },
        "scaffold": {
            "hard": 0.89,
            "soft": 0.9266891321515267
        },
        "invalid_rate": 0.0
    },
    "jnk": {
        "improvement": {
            "mean": -0.023400000000000004,
            "variance": 0.005646440000000002,
            "min": -0.47,
            "max": 0.12000000000000001,
            "success_rate": 0.03,
            "best_rate": 0.0
        },
        "scaffold": {
            "hard": 0.8,
            "soft": 0.8502110651109933
        },
        "invalid_rate": 0.0
    },
    "gsk": {
        "improvement": {
            "mean": -0.030333333333333337,
            "variance": 0.008128333333333342,
            "min": -0.5199999999999999,
            "max": 0.13,
            "success_rate": 0.06,
            "best_rate": 0.0
        },
        "scaffold": {
            "hard": 0.75,
            "soft": 0.8099010476159653
        },
        "invalid_rate": 0.0
    }
}