{
    "logp": {
        "improvement": {
            "mean": -0.7717105607420426,
            "variance": 5.245881422957549,
            "min": -23.36270976799401,
            "max": 8.712956076568364,
            "success_rate": 0.24,
            "best_rate": 0.115
        },
        "scaffold": {
            "hard": 0.12,
            "soft": 0.23129984902547643
        },
        "invalid_rate": 0.0
    },
    "solubility": {
        "improvement": {
            "mean": 3.7020666808080813,
            "variance": 4.029057007035165,
            "min": -0.5144580000000003,
            "max": 7.2965380000000035,
            "success_rate": 0.9646464646464646,
            "best_rate": 0.9040404040404041
        },
        "scaffold": {
            "hard": 0.1414141414141414,
            "soft": 0.2150722794777096
        },
        "invalid_rate": 0.0
    },
    "qed": {
        "improvement": {
            "mean": -0.15251303051361778,
            "variance": 0.13077784122422462,
            "min": -0.6223108545050016,
            "max": 0.5231386649372916,
            "success_rate": 0.41,
            "best_rate": 0.16
        },
        "scaffold": {
            "hard": 0.14,
            "soft": 0.25843277680902416
        },
        "invalid_rate": 0.0
    },
    "drd": {
        "improvement": {
            "mean": -0.046291332235032075,
            "variance": 0.05282468432617042,
            "min": -0.6474732535257531,
            "max": 0.7755315342591684,
            "success_rate": 0.29931972789115646,
            "best_rate": 0.08163265306122448
        },
        "scaffold": {
            "hard": 0.08163265306122448,
            "soft": 0.2802440504495132
        },
        "invalid_rate": 0.006802721088435374
    },
    "jnk": {
        "improvement": {
            "mean": -0.14658163265306123,
            "variance": 0.02108780456059975,
            "min": -0.6,
            "max": 0.42,
            "success_rate": 0.0663265306122449,
            "best_rate": 0.00510204081632653
        },
        "scaffold": {
            "hard": 0.061224489795918366,
            "soft": 0.16571726044031831
        },
        "invalid_rate": 0.0
    },
    "gsk": {
        "improvement": {
            "mean": -0.13057360406091367,
            "variance": 0.02027690194284829,
            "min": -0.68,
            "max": 0.33999999999999997,
            "success_rate": 0.1116751269035533,
            "best_rate": 0.005076142131979695
        },
        "scaffold": {
            "hard": 0.1116751269035533,
            "soft": 0.18160762151700213
        },
        "invalid_rate": 0.0
    }
}