{
    "logp": {
        "improvement": {
            "mean": -0.00836591287899185,
            "variance": 1.0989680171974576,
            "min": -4.612570469493715,
            "max": 3.178056065613202,
            "success_rate": 0.47,
            "best_rate": 0.24
        },
        "scaffold": {
            "hard": 0.51,
            "soft": 0.7598371315579682
        },
        "invalid_rate": 0.0
    },
    "solubility": {
        "improvement": {
            "mean": 1.5587737560000008,
            "variance": 3.5032868426074493,
            "min": -2.077388400000001,
            "max": 5.759859800000003,
            "success_rate": 0.91,
            "best_rate": 0.61
        },
        "scaffold": {
            "hard": 0.42,
            "soft": 0.5887462453656314
        },
        "invalid_rate": 0.0
    },
    "qed": {
        "improvement": {
            "mean": -0.004861422392235606,
            "variance": 0.07552650136119769,
            "min": -0.6080795347697161,
            "max": 0.46481576491867993,
            "success_rate": 0.54,
            "best_rate": 0.16
        },
        "scaffold": {
            "hard": 0.51,
            "soft": 0.6462989660513248
        },
        "invalid_rate": 0.0
    },
    "drd": {
        "improvement": {
            "mean": 0.04275276435649212,
            "variance": 0.032678337693167026,
            "min": -0.4812488228396432,
            "max": 0.6676276964866592,
            "success_rate": 0.32,
            "best_rate": 0.11
        },
        "scaffold": {
            "hard": 0.62,
            "soft": 0.7707024810436488
        },
        "invalid_rate": 0.0
    },
    "jnk": {
        "improvement": {
            "mean": -0.04869999999999997,
            "variance": 0.01466131,
            "min": -0.6,
            "max": 0.18999999999999997,
            "success_rate": 0.19,
            "best_rate": 0.0
        },
        "scaffold": {
            "hard": 0.56,
            "soft": 0.7037719992923543
        },
        "invalid_rate": 0.0
    },
    "gsk": {
        "improvement": {
            "mean": -0.018614999999999996,
            "variance": 0.013232404274999984,
            "min": -0.41,
            "max": 0.69,
            "success_rate": 0.31,
            "best_rate": 0.01
        },
        "scaffold": {
            "hard": 0.59,
            "soft": 0.7538999000534432
        },
        "invalid_rate": 0.0
    }
}