{
    "logp": {
        "improvement": {
            "mean": -0.13670629729240694,
            "variance": 1.20113938487412,
            "min": -3.7606855394899323,
            "max": 3.5795650144041473,
            "success_rate": 0.42,
            "best_rate": 0.19
        },
        "scaffold": {
            "hard": 0.45,
            "soft": 0.642863399404717
        },
        "invalid_rate": 0.0
    },
    "solubility": {
        "improvement": {
            "mean": 1.1211246100000012,
            "variance": 2.058155934070454,
            "min": -1.2698067999999978,
            "max": 6.823491600000005,
            "success_rate": 0.91,
            "best_rate": 0.53
        },
        "scaffold": {
            "hard": 0.56,
            "soft": 0.7019000091321033
        },
        "invalid_rate": 0.04
    },
    "qed": {
        "improvement": {
            "mean": 0.0760272121976004,
            "variance": 0.08867812030904104,
            "min": -0.5759671040649871,
            "max": 0.5621497541336051,
            "success_rate": 0.61,
            "best_rate": 0.29
        },
        "scaffold": {
            "hard": 0.39,
            "soft": 0.5947594748431101
        },
        "invalid_rate": 0.02
    },
    "drd": {
        "improvement": {
            "mean": -0.01784925788769774,
            "variance": 0.042208535392323096,
            "min": -0.6021524141143002,
            "max": 0.7416434071550089,
            "success_rate": 0.31,
            "best_rate": 0.07
        },
        "scaffold": {
            "hard": 0.38,
            "soft": 0.6190840673980914
        },
        "invalid_rate": 0.0
    },
    "jnk": {
        "improvement": {
            "mean": -0.04680000000000002,
            "variance": 0.017807760000000016,
            "min": -0.54,
            "max": 0.27999999999999997,
            "success_rate": 0.3,
            "best_rate": 0.0
        },
        "scaffold": {
            "hard": 0.46,
            "soft": 0.6473311833724378
        },
        "invalid_rate": 0.02
    },
    "gsk": {
        "improvement": {
            "mean": -0.020114999999999997,
            "variance": 0.012610109274999998,
            "min": -0.68,
            "max": 0.25,
            "success_rate": 0.4,
            "best_rate": 0.0
        },
        "scaffold": {
            "hard": 0.34,
            "soft": 0.608183148327883
        },
        "invalid_rate": 0.02
    }
}