{
    "logp": {
        "improvement": {
            "mean": 0.009178243703997115,
            "variance": 0.12765721054581922,
            "min": -1.2532410676887833,
            "max": 3.1921935145692846,
            "success_rate": 0.01,
            "best_rate": 0.01
        },
        "scaffold": {
            "hard": 0.0,
            "soft": 0.0
        },
        "invalid_rate": 0.96
    },
    "solubility": {
        "improvement": {
            "mean": 0.2404702500000001,
            "variance": 1.1014448084085535,
            "min": 0.0,
            "max": 6.823491600000005,
            "success_rate": 0.06,
            "best_rate": 0.06
        },
        "scaffold": {
            "hard": 0.0,
            "soft": 0.003231707317073171
        },
        "invalid_rate": 0.94
    },
    "qed": {
        "improvement": {
            "mean": 0.0,
            "variance": 0.0,
            "min": 0.0,
            "max": 0.0,
            "success_rate": 0.0,
            "best_rate": 0.0
        },
        "scaffold": {
            "hard": 0.0,
            "soft": 0.0
        },
        "invalid_rate": 1.0
    },
    "drd": {
        "improvement": {
            "mean": -0.0022251737453845444,
            "variance": 0.0003520279157073023,
            "min": -0.18674188411190565,
            "max": 0.0,
            "success_rate": 0.0,
            "best_rate": 0.0
        },
        "scaffold": {
            "hard": 0.0,
            "soft": 0.0074
        },
        "invalid_rate": 0.96
    },
    "jnk": {
        "improvement": {
            "mean": -0.006200000000000001,
            "variance": 0.0012775600000000007,
            "min": -0.31,
            "max": 0.0,
            "success_rate": 0.0,
            "best_rate": 0.0
        },
        "scaffold": {
            "hard": 0.01,
            "soft": 0.01
        },
        "invalid_rate": 0.93
    },
    "gsk": {
        "improvement": {
            "mean": -0.0074,
            "variance": 0.0014312399999999875,
            "min": -0.31,
            "max": 0.0,
            "success_rate": 0.0,
            "best_rate": 0.0
        },
        "scaffold": {
            "hard": 0.0,
            "soft": 0.0
        },
        "invalid_rate": 0.95
    }
}