{
    "logp": {
        "improvement": {
            "mean": 0.28324628424258,
            "variance": 0.7273222926551516,
            "min": -2.347251801195876,
            "max": 2.3202669409906833,
            "success_rate": 0.68,
            "best_rate": 0.43
        },
        "scaffold": {
            "hard": 0.58,
            "soft": 0.7439045195301591
        },
        "invalid_rate": 0.01
    },
    "solubility": {
        "improvement": {
            "mean": 1.172875300000001,
            "variance": 2.0477971880218275,
            "min": -0.2175602000000012,
            "max": 6.417781600000005,
            "success_rate": 0.85,
            "best_rate": 0.65
        },
        "scaffold": {
            "hard": 0.74,
            "soft": 0.8518149448502612
        },
        "invalid_rate": 0.0
    },
    "qed": {
        "improvement": {
            "mean": 0.16838503905423544,
            "variance": 0.0588321641399579,
            "min": -0.6223108545050016,
            "max": 0.6225177053187156,
            "success_rate": 0.86,
            "best_rate": 0.33
        },
        "scaffold": {
            "hard": 0.39,
            "soft": 0.6326900199865448
        },
        "invalid_rate": 0.0
    },
    "drd": {
        "improvement": {
            "mean": 0.17903577689416383,
            "variance": 0.08561355946514927,
            "min": -0.4939760653716045,
            "max": 0.9780600354180188,
            "success_rate": 0.69,
            "best_rate": 0.27
        },
        "scaffold": {
            "hard": 0.34,
            "soft": 0.6180872837953149
        },
        "invalid_rate": 0.0
    },
    "jnk": {
        "improvement": {
            "mean": -0.08060000000000002,
            "variance": 0.015413640000000001,
            "min": -0.39,
            "max": 0.21000000000000002,
            "success_rate": 0.23,
            "best_rate": 0.0
        },
        "scaffold": {
            "hard": 0.31,
            "soft": 0.5048457476586597
        },
        "invalid_rate": 0.0
    },
    "gsk": {
        "improvement": {
            "mean": -0.030315000000000012,
            "variance": 0.019492423275000014,
            "min": -0.57,
            "max": 0.51,
            "success_rate": 0.45,
            "best_rate": 0.01
        },
        "scaffold": {
            "hard": 0.37,
            "soft": 0.6067510612134093
        },
        "invalid_rate": 0.0
    }
}