{
    "logp": {
        "improvement": {
            "mean": -0.4223246819372215,
            "variance": 4.734851573414688,
            "min": -12.016398253004988,
            "max": 4.050375882461612,
            "success_rate": 0.52,
            "best_rate": 0.34
        },
        "scaffold": {
            "hard": 0.28,
            "soft": 0.47410928992278506
        },
        "invalid_rate": 0.0
    },
    "solubility": {
        "improvement": {
            "mean": 1.7832341390000017,
            "variance": 4.228107772380614,
            "min": -1.0812047999999999,
            "max": 7.2965380000000035,
            "success_rate": 0.95,
            "best_rate": 0.66
        },
        "scaffold": {
            "hard": 0.49,
            "soft": 0.6225481573830153
        },
        "invalid_rate": 0.0
    },
    "qed": {
        "improvement": {
            "mean": 0.0756139358829218,
            "variance": 0.08799531637535705,
            "min": -0.5921746186415295,
            "max": 0.5497587266882646,
            "success_rate": 0.7,
            "best_rate": 0.27
        },
        "scaffold": {
            "hard": 0.34,
            "soft": 0.5535599505465365
        },
        "invalid_rate": 0.0
    },
    "drd": {
        "improvement": {
            "mean": -0.036622169979385284,
            "variance": 0.05339629358766685,
            "min": -0.6280056490963092,
            "max": 0.7421295839365946,
            "success_rate": 0.37,
            "best_rate": 0.08
        },
        "scaffold": {
            "hard": 0.28,
            "soft": 0.47765246993173266
        },
        "invalid_rate": 0.0
    },
    "jnk": {
        "improvement": {
            "mean": -0.09609999999999999,
            "variance": 0.01937978999999999,
            "min": -0.54,
            "max": 0.12000000000000002,
            "success_rate": 0.15,
            "best_rate": 0.0
        },
        "scaffold": {
            "hard": 0.28,
            "soft": 0.4059330433109789
        },
        "invalid_rate": 0.01
    },
    "gsk": {
        "improvement": {
            "mean": -0.08084000000000004,
            "variance": 0.023199454399999993,
            "min": -0.68,
            "max": 0.15,
            "success_rate": 0.31,
            "best_rate": 0.0
        },
        "scaffold": {
            "hard": 0.29,
            "soft": 0.470040244354128
        },
        "invalid_rate": 0.0
    }
}