{
    "improvement": {
        "mean": -0.020538961038961055,
        "variance": 0.02494999848203744,
        "min": -0.58,
        "max": 0.38,
        "success_rate": 0.4805194805194805,
        "best_rate": 0.012987012987012988
    },
    "scaffold": {
        "hard": 0.09090909090909091,
        "soft": 0.4551788929218712
    },
    "invalid_rate": 0.23
}