{
    "improvement": {
        "mean": -0.1445904255319149,
        "variance": 0.018300654057265733,
        "min": -0.64,
        "max": 0.09,
        "success_rate": 0.031914893617021274,
        "best_rate": 0.0
    },
    "scaffold": {
        "hard": 0.10638297872340426,
        "soft": 0.11216466234967623
    },
    "invalid_rate": 0.06
}