{
    "improvement": {
        "mean": -0.13275,
        "variance": 0.01795868371212121,
        "min": -0.58,
        "max": 0.03,
        "success_rate": 0.015151515151515152,
        "best_rate": 0.0
    },
    "scaffold": {
        "hard": 0.15151515151515152,
        "soft": 0.1722348484848485
    },
    "invalid_rate": 0.34
}