{
    "improvement": {
        "mean": -0.06609,
        "variance": 0.0313817969,
        "min": -0.68,
        "max": 0.36000000000000004,
        "success_rate": 0.34,
        "best_rate": 0.01
    },
    "scaffold": {
        "hard": 0.08,
        "soft": 0.3298084366131819
    },
    "invalid_rate": 0.0
}