{
    "improvement": {
        "mean": -0.08084000000000004,
        "variance": 0.023199454399999993,
        "min": -0.68,
        "max": 0.15,
        "success_rate": 0.31,
        "best_rate": 0.0
    },
    "scaffold": {
        "hard": 0.29,
        "soft": 0.470040244354128
    },
    "invalid_rate": 0.0
}