{
    "improvement": {
        "mean": 0.3656966237947119,
        "variance": 0.15778043449142462,
        "min": -0.4662220568023198,
        "max": 0.9954922623380493,
        "success_rate": 0.7702702702702703,
        "best_rate": 0.527027027027027
    },
    "scaffold": {
        "hard": 14,
        "soft": 40.13939450933861
    },
    "invalid_rate": 0.0
}