{
    "improvement": {
        "mean": 0.16543559065110855,
        "variance": 0.06879187002372437,
        "min": -0.5530818982768774,
        "max": 0.6145440095895696,
        "success_rate": 0.8333333333333334,
        "best_rate": 0.34523809523809523
    },
    "scaffold": {
        "hard": 0.2857142857142857,
        "soft": 0.5628173339307793
    },
    "invalid_rate": 0.16
}