{
    "improvement": {
        "mean": -0.3760904697563242,
        "variance": 0.040483370800822344,
        "min": -0.6080795347697161,
        "max": 0.32260927477111834,
        "success_rate": 0.05194805194805195,
        "best_rate": 0.012987012987012988
    },
    "scaffold": {
        "hard": 0.09090909090909091,
        "soft": 0.09918953227223903
    },
    "invalid_rate": 0.23
}