{
    "improvement": {
        "mean": 0.11492070169059806,
        "variance": 0.08745938913790359,
        "min": -0.6223108545050016,
        "max": 0.5160550805780577,
        "success_rate": 0.78,
        "best_rate": 0.32
    },
    "scaffold": {
        "hard": 0.34,
        "soft": 0.5247627693285593
    },
    "invalid_rate": 0.0
}