{
    "improvement": {
        "mean": 0.21510973903084823,
        "variance": 0.04933647128575884,
        "min": -0.5736685778592899,
        "max": 0.5304313391980651,
        "success_rate": 0.91,
        "best_rate": 0.45
    },
    "scaffold": {
        "hard": 0.41,
        "soft": 0.6253358447153331
    },
    "invalid_rate": 0.0
}