{
    "improvement": {
        "mean": 0.0756139358829218,
        "variance": 0.08799531637535705,
        "min": -0.5921746186415295,
        "max": 0.5497587266882646,
        "success_rate": 0.7,
        "best_rate": 0.27
    },
    "scaffold": {
        "hard": 0.34,
        "soft": 0.5535599505465365
    },
    "invalid_rate": 0.0
}