{
    "improvement": {
        "mean": 0.07066903783472206,
        "variance": 0.1100253488772396,
        "min": -0.5959814030750068,
        "max": 0.49468021613099905,
        "success_rate": 0.68,
        "best_rate": 0.29
    },
    "scaffold": {
        "hard": 0.34,
        "soft": 0.5523066774841271
    },
    "invalid_rate": 0.0
}