{
    "improvement": {
        "mean": -0.36060638525035443,
        "variance": 0.058067783709667635,
        "min": -0.6223108545050016,
        "max": 0.3443851552683628,
        "success_rate": 0.13186813186813187,
        "best_rate": 0.01098901098901099
    },
    "scaffold": {
        "hard": 0.07692307692307693,
        "soft": 0.09413896638686553
    },
    "invalid_rate": 0.09
}