{
    "improvement": {
        "mean": -0.7818653900721344,
        "variance": 33.4855099828423,
        "min": -36.09397773516814,
        "max": 2.974887687097215,
        "success_rate": 0.81,
        "best_rate": 0.55
    },
    "scaffold": {
        "hard": 43,
        "soft": 65.91564678967171
    },
    "invalid_rate": 0.0
}