{
    "add": 0.42042094184698264,
    "delete": 0.4766151186986032,
    "sub": 0.37682456363711286
}