{
    "add": 0.5870118631367067,
    "delete": 0.8161980449837593,
    "sub": 0.755780503020888
}