{
    "add": 0.29394270637921,
    "delete": 0.6836319975670843,
    "sub": 0.47714845851740595
}