{
    "add": 0.4344116317924727,
    "delete": 0.8116614974472117,
    "sub": 0.6215746338234709
}