{
    "add": 0.3577939103319394,
    "delete": 0.6668770171258421,
    "sub": 0.5282179306985372
}