{
    "add": 0.6039790869512996,
    "delete": 0.8280371358762552,
    "sub": 0.85052336982973
}