{
    "add": 0.33739541582958893,
    "delete": 0.7192273460234107,
    "sub": 0.5011285934748406
}