{
    "add": 0.4946048820082648,
    "delete": 0.7129153509969983,
    "sub": 0.6171050104484787
}