{
    "add": 0.4790671661712841,
    "delete": 0.64562188151556,
    "sub": 0.6838911855114703
}