{
    "fg_samples": 0.7987012987012987,
    "murcko": 0.09176153621057553,
    "ring_count": 1.9,
    "ring_system": 0.868421052631579,
    "mutated": 0.6744186046511628,
    "permutated": 0.24705882352941178
}