{
    "fg_samples": 0.21,
    "murcko": 0.3995904332070048,
    "ring_count": 1.6,
    "ring_system": 0.7948717948717948,
    "mutated": 0.7209302325581395,
    "permutated": 0.9591836734693877
}