{
    "fg_samples": 0.13186813186813187,
    "murcko": 0.39343715121187794,
    "ring_count": 0.6,
    "ring_system": 0.7435897435897436,
    "mutated": 0.8125,
    "permutated": 0.74
}