{
    "fg_samples": 1.6020408163265305,
    "murcko": 0.18398692810457515,
    "ring_count": 2.4285714285714284,
    "ring_system": 0.972972972972973,
    "mutated": 0.43478260869565216,
    "permutated": 0.3548387096774194
}