{
    "improvement": {
        "mean": 0.04340946069616879,
        "variance": 0.07063182970695464,
        "min": -0.6474732535257531,
        "max": 0.9069710016119965,
        "success_rate": 0.48,
        "best_rate": 0.14
    },
    "scaffold": {
        "hard": 0.42,
        "soft": 0.6037168045189735
    },
    "invalid_rate": 0.0
}