{
    "improvement": {
        "mean": -0.12308475568712808,
        "variance": 0.026859308338402416,
        "min": -0.6474732535257531,
        "max": 0.18890474151075626,
        "success_rate": 0.05555555555555555,
        "best_rate": 0.0
    },
    "scaffold": {
        "hard": 0.07777777777777778,
        "soft": 0.11016443953515115
    },
    "invalid_rate": 0.1
}