{
    "improvement": {
        "mean": 0.27120641935710926,
        "variance": 0.1276943753750102,
        "min": -0.39995763624167147,
        "max": 0.9990403564931375,
        "success_rate": 0.73,
        "best_rate": 0.44
    },
    "scaffold": {
        "hard": 0.25,
        "soft": 0.6291588528577864
    },
    "invalid_rate": 0.0
}