{
    "improvement": {
        "mean": 0.10775318070817201,
        "variance": 0.10652309716194697,
        "min": -0.636623633893057,
        "max": 0.9444626367161482,
        "success_rate": 0.55,
        "best_rate": 0.28
    },
    "scaffold": {
        "hard": 0.16,
        "soft": 0.4423315256811826
    },
    "invalid_rate": 0.0
}