{
    "improvement": {
        "mean": -0.036622169979385284,
        "variance": 0.05339629358766685,
        "min": -0.6280056490963092,
        "max": 0.7421295839365946,
        "success_rate": 0.37,
        "best_rate": 0.08
    },
    "scaffold": {
        "hard": 0.28,
        "soft": 0.47765246993173266
    },
    "invalid_rate": 0.0
}