{
    "improvement": {
        "mean": -0.13227858357180652,
        "variance": 0.0290798854056524,
        "min": -0.6474732535257531,
        "max": 0.21966642809518416,
        "success_rate": 0.07246376811594203,
        "best_rate": 0.0
    },
    "scaffold": {
        "hard": 0.13043478260869565,
        "soft": 0.1413782904466134
    },
    "invalid_rate": 0.31
}