{
    "improvement": {
        "mean": 0.34738557353858723,
        "variance": 0.12665467699711055,
        "min": -0.15888162557453214,
        "max": 0.9787006498920582,
        "success_rate": 0.7659574468085106,
        "best_rate": 0.48936170212765956
    },
    "scaffold": {
        "hard": 0.11702127659574468,
        "soft": 0.4723471994947755
    },
    "invalid_rate": 0.06
}