{
    "fg_samples": 0.22,
    "murcko": 0.3648080375499095,
    "ring_count": 1.05,
    "ring_system": 0.75,
    "mutated": 0.6666666666666666,
    "permutated": 0.9574468085106383
}