{
    "improvement": {
        "mean": 0.2093964360745397,
        "variance": 0.09524400395215053,
        "min": -0.6080795347697161,
        "max": 0.5627080111684046,
        "success_rate": 0.84,
        "best_rate": 0.55
    },
    "scaffold": {
        "hard": 23,
        "soft": 44.92755170909095
    },
    "invalid_rate": 0.0
}