{
    "improvement": {
        "mean": 1.931681504000001,
        "variance": 3.0380180686157146,
        "min": -0.2242544000000004,
        "max": 6.546247400000004,
        "success_rate": 0.92,
        "best_rate": 0.79
    },
    "scaffold": {
        "hard": 53,
        "soft": 65.30237050373566
    },
    "invalid_rate": 0.0
}