{
    "improvement": {
        "mean": 0.2864789206423177,
        "variance": 1.8478853310010614,
        "min": -3.7807484290687263,
        "max": 8.712956076568364,
        "success_rate": 0.71,
        "best_rate": 0.46
    },
    "scaffold": {
        "hard": 0.44,
        "soft": 0.5803324019604803
    },
    "invalid_rate": 0.0
}