{
    "improvement": {
        "mean": -0.19867225579442185,
        "variance": 30.645162453645,
        "min": -48.22478650635603,
        "max": 8.712956076568364,
        "success_rate": 0.8,
        "best_rate": 0.41818181818181815
    },
    "scaffold": {
        "hard": 0.5545454545454546,
        "soft": 0.811332598885489
    },
    "invalid_rate": 0.0
}