{
    "improvement": {
        "mean": 0.585925412223251,
        "variance": 1.472144896426303,
        "min": -4.10224450206165,
        "max": 3.903504628500114,
        "success_rate": 0.84,
        "best_rate": 0.6
    },
    "scaffold": {
        "hard": 0.31,
        "soft": 0.5986985953717854
    },
    "invalid_rate": 0.0
}