{
    "improvement": {
        "mean": 0.7743154129221985,
        "variance": 0.7438105676268146,
        "min": -2.0808957564623896,
        "max": 3.1921935145692846,
        "success_rate": 0.8409090909090909,
        "best_rate": 0.6022727272727273
    },
    "scaffold": {
        "hard": 0.48863636363636365,
        "soft": 0.7641124126946406
    },
    "invalid_rate": 0.12
}