{
    "improvement": {
        "mean": -0.9241971021387535,
        "variance": 9.368770587630618,
        "min": -27.161667637320857,
        "max": 3.1921935145692846,
        "success_rate": 0.26881720430107525,
        "best_rate": 0.11827956989247312
    },
    "scaffold": {
        "hard": 0.08602150537634409,
        "soft": 0.10647842010715271
    },
    "invalid_rate": 0.07
}