{
    "improvement": {
        "mean": -0.4223246819372215,
        "variance": 4.734851573414688,
        "min": -12.016398253004988,
        "max": 4.050375882461612,
        "success_rate": 0.52,
        "best_rate": 0.34
    },
    "scaffold": {
        "hard": 0.28,
        "soft": 0.47410928992278506
    },
    "invalid_rate": 0.0
}