{
    "improvement": {
        "mean": -0.4451490379888829,
        "variance": 2.424445819706921,
        "min": -6.368074435532204,
        "max": 8.712956076568364,
        "success_rate": 0.20481927710843373,
        "best_rate": 0.12048192771084337
    },
    "scaffold": {
        "hard": 0.2289156626506024,
        "soft": 0.24499823514523617
    },
    "invalid_rate": 0.17
}