{
    "improvement": {
        "mean": -0.029900000000000017,
        "variance": 0.01220899000000001,
        "min": -0.37,
        "max": 0.38,
        "success_rate": 0.35,
        "best_rate": 0.02
    },
    "scaffold": {
        "hard": 0.37,
        "soft": 0.6817083314069307
    },
    "invalid_rate": 0.0
}