{
    "improvement": {
        "mean": -0.14904255319148935,
        "variance": 0.024949083295608875,
        "min": -0.6,
        "max": 0.52,
        "success_rate": 0.010638297872340425,
        "best_rate": 0.010638297872340425
    },
    "scaffold": {
        "hard": 0.05319148936170213,
        "soft": 0.0688588839142835
    },
    "invalid_rate": 0.05
}