{
    "improvement": {
        "mean": -0.09707070707070707,
        "variance": 0.019481318232833382,
        "min": -0.54,
        "max": 0.12000000000000002,
        "success_rate": 0.15151515151515152,
        "best_rate": 0.0
    },
    "scaffold": {
        "hard": 0.2828282828282828,
        "soft": 0.4100333770817969
    },
    "invalid_rate": 0.01
}