{
    "improvement": {
        "mean": -0.05531250000000001,
        "variance": 0.021495735677083332,
        "min": -0.54,
        "max": 0.3,
        "success_rate": 0.34375,
        "best_rate": 0.010416666666666666
    },
    "scaffold": {
        "hard": 0.08333333333333333,
        "soft": 0.46475491005170605
    },
    "invalid_rate": 0.04
}