{
    "improvement": {
        "mean": 1.3496122065217406,
        "variance": 1.7101719179134878,
        "min": -0.7476324000000005,
        "max": 5.972719800000002,
        "success_rate": 0.8804347826086957,
        "best_rate": 0.7391304347826086
    },
    "scaffold": {
        "hard": 0.34782608695652173,
        "soft": 0.6514098055276136
    },
    "invalid_rate": 0.08
}