{
    "improvement": {
        "mean": 3.404850870000002,
        "variance": 4.173866468858387,
        "min": -0.3327303999999991,
        "max": 6.823491600000005,
        "success_rate": 0.7875,
        "best_rate": 0.7875
    },
    "scaffold": {
        "hard": 0.2125,
        "soft": 0.22155405405405407
    },
    "invalid_rate": 0.2
}