{
    "improvement": {
        "mean": 1.8981583900000016,
        "variance": 3.049538686083773,
        "min": -0.10381779999999985,
        "max": 5.851527200000002,
        "success_rate": 0.96,
        "best_rate": 0.86
    },
    "scaffold": {
        "hard": 0.47,
        "soft": 0.6446504928355887
    },
    "invalid_rate": 0.0
}