{
    "improvement": {
        "mean": 4.132862851111113,
        "variance": 2.9415770361951856,
        "min": -2.9538418,
        "max": 6.823491600000005,
        "success_rate": 0.9555555555555556,
        "best_rate": 0.9444444444444444
    },
    "scaffold": {
        "hard": 0.022222222222222223,
        "soft": 0.048928369006184774
    },
    "invalid_rate": 0.1
}