{
    "improvement": {
        "mean": 1.9607983140000014,
        "variance": 3.2690880246074374,
        "min": -1.1480848000000003,
        "max": 7.2965380000000035,
        "success_rate": 0.97,
        "best_rate": 0.83
    },
    "scaffold": {
        "hard": 0.49,
        "soft": 0.6068660399299552
    },
    "invalid_rate": 0.0
}