{
    "improvement": {
        "mean": 1.7832341390000017,
        "variance": 4.228107772380614,
        "min": -1.0812047999999999,
        "max": 7.2965380000000035,
        "success_rate": 0.95,
        "best_rate": 0.66
    },
    "scaffold": {
        "hard": 0.49,
        "soft": 0.6225481573830153
    },
    "invalid_rate": 0.0
}