{
    "improvement": {
        "mean": 1.076209548000001,
        "variance": 0.846830020645604,
        "min": -0.09072179999999985,
        "max": 5.225552600000003,
        "success_rate": 0.98,
        "best_rate": 0.7
    },
    "scaffold": {
        "hard": 0.66,
        "soft": 0.8485476395741712
    },
    "invalid_rate": 0.0
}